,source,FIPS,CountryName
46,fbc.com.fj,FJ,Fiji
47,fiji.gov.fj,FJ,Fiji
48,fijilive.com,FJ,Fiji
49,fijisun.com.fj,FJ,Fiji
50,fijitimes.com,FJ,Fiji
51,fijivillage.com,FJ,Fiji
52,flp.org.fj,FJ,Fiji
53,guru3d.com,FJ,Fiji
54,islandsbusiness.com,FJ,Fiji
55,outrigger.com,FJ,Fiji
56,pcper.com,FJ,Fiji
57,pina.com.fj,FJ,Fiji
58,radiofiji.com.fj,FJ,Fiji
59,semiaccurate.com,FJ,Fiji
60,thejetnewspaper.com,FJ,Fiji
1788,100millionideas.org,IN,India
1789,360photography.in,IN,India
1790,8ii.in,IN,India
1791,9newz.com,IN,India
1792,aajkikhabar.com,IN,India
1793,aajsamaaj.com,IN,India
1794,aajtak.intoday.in,IN,India
1795,aankhodekhinews.com,IN,India
1796,aapkisaheli.com,IN,India
1797,abplive.in,IN,India
1798,abpmajha.abplive.in,IN,India
1799,abpnews.abplive.in,IN,India
1800,accommodationtimes.com,IN,India
1801,afaqs.com,IN,India
1802,afghanembassy.in,IN,India
1803,afternoondc.in,IN,India
1804,afternoonvoice.com,IN,India
1805,ahmedabadmirror.com,IN,India
1806,ajmernama.com,IN,India
1807,akilanews.com,IN,India
1808,algeria.24-news.in,IN,India
1809,allindiaroundup.com,IN,India
1810,amarujala.com,IN,India
1811,anandabazar.com,IN,India
1812,andhrabhoomi.net,IN,India
1813,andhrawishesh.com,IN,India
1814,androidos.in,IN,India
1815,aninews.in,IN,India
1816,apherald.com,IN,India
1817,apnewscorner.com,IN,India
1818,apunkachoice.com,IN,India
1819,articlesbase.com,IN,India
1820,aseanbriefing.com,IN,India
1821,asianage.com,IN,India
1822,asianetindia.com,IN,India
1823,asiaradiotoday.com,IN,India
1824,asiascoop.com,IN,India
1825,assamtimes.org,IN,India
1826,assamtribune.com,IN,India
1827,autocarindia.com,IN,India
1828,autocarpro.in,IN,India
1829,avenuemail.in,IN,India
1830,awazedost.com,IN,India
1831,babakaps.net,IN,India
1832,bangalore.citizenmatters.in,IN,India
1833,bangaloremirror.com,IN,India
1834,bankersadda.com,IN,India
1835,banknetindia.com,IN,India
1836,barandbench.com,IN,India
1837,bawarchi.com,IN,India
1838,bellevision.com,IN,India
1839,bestdesi.com,IN,India
1840,bestmediainfo.com,IN,India
1841,bgnovinite.com,IN,India
1842,bgr.in,IN,India
1843,bharatpress.com,IN,India
1844,bhaskar.com,IN,India
1845,bhatkallys.com,IN,India
1846,bigyan.org.in,IN,India
1847,biharprabha.com,IN,India
1848,bilkulonline.com,IN,India
1849,bjp.org,IN,India
1850,bjpkarnataka.org,IN,India
1851,blogadda.com,IN,India
1852,boldsky.com,IN,India
1853,bollyspice.com,IN,India
1854,bollywood.com,IN,India
1855,bollywooddhamaka.in,IN,India
1856,bollywoodhelpline.com,IN,India
1857,bollywoodhungama.com,IN,India
1858,bollywoodlife.com,IN,India
1859,bollywoodmantra.com,IN,India
1860,bollywoodtadka.in,IN,India
1861,bollywoodtrade.com,IN,India
1862,boomlive.in,IN,India
1863,boxofficecollection.in,IN,India
1864,boxtv.com,IN,India
1865,brahmand.com,IN,India
1866,bsmotoring.com,IN,India
1867,btvin.com,IN,India
1868,bureaucracytoday.com,IN,India
1869,business-standard.com,IN,India
1870,businessinsider.in,IN,India
1871,businessofcinema.com,IN,India
1872,businesstoday.in,IN,India
1873,businesstoday.intoday.in,IN,India
1874,businesswireindia.com,IN,India
1875,businessworld.in,IN,India
1876,cafemutual.com,IN,India
1877,calcuttanews.net,IN,India
1878,campaignindia.in,IN,India
1879,canindia.com,IN,India
1880,capariwar.com,IN,India
1881,carandbike.com,IN,India
1882,cardekho.com,IN,India
1883,careerindia.com,IN,India
1884,careers.newsnation.in,IN,India
1885,cartrade.com,IN,India
1886,carwale.com,IN,India
1887,catchnews.com,IN,India
1888,centralchronicle.com,IN,India
1889,cgkhabar.com,IN,India
1890,channelworld.in,IN,India
1891,chefatlarge.in,IN,India
1892,chennaionline.com,IN,India
1893,chillicious.com,IN,India
1894,cinejosh.com,IN,India
1895,cio.in,IN,India
1896,ciol.com,IN,India
1897,citizen-news.org,IN,India
1898,clapsnslaps.com,IN,India
1899,clickindia.com,IN,India
1900,cntraveller.in,IN,India
1901,coastaldigest.com,IN,India
1902,commodityonline.com,IN,India
1903,computerworld.in,IN,India
1904,counterview.net,IN,India
1905,counterview.org,IN,India
1906,cricville.com,IN,India
1907,currentaffairs.gktoday.in,IN,India
1908,currentcrime.com,IN,India
1909,cwejournal.org,IN,India
1910,cxotoday.com,IN,India
1911,d24.in,IN,India
1912,daijiworld.com,IN,India
1913,dailyexcelsior.com,IN,India
1914,dailyhindinews.com,IN,India
1915,dailykashmirimages.com,IN,India
1916,dailyo.in,IN,India
1917,dailypioneer.com,IN,India
1918,dailythanthi.com,IN,India
1919,dailytop.com,IN,India
1920,dainiknavajyoti.com,IN,India
1921,dainiktribuneonline.com,IN,India
1922,dancewithshadows.com,IN,India
1923,darjeelingtimes.com,IN,India
1924,datelineindia.com,IN,India
1925,dayafterindia.com,IN,India
1926,dayandnightnews.com,IN,India
1927,dazeinfo.com,IN,India
1928,ddinews.gov.in,IN,India
1929,dealstreetasia.com,IN,India
1930,deccanchronicle.com,IN,India
1931,deccanherald.com,IN,India
1932,deepikaglobal.com,IN,India
1933,dekhnews.com,IN,India
1934,deshbandhu.co.in,IN,India
1935,deshgujarat.com,IN,India
1936,desiblitz.com,IN,India
1937,desicritics.org,IN,India
1938,desimartini.com,IN,India
1939,desispy.com,IN,India
1940,developingtelecoms.com,IN,India
1941,devicemag.com,IN,India
1942,diamondintelligence.com,IN,India
1943,diamondworld.net,IN,India
1944,digit.in,IN,India
1945,dinamani.com,IN,India
1946,divyabhaskar.co.in,IN,India
1947,divyahimachal.com,IN,India
1948,dnaindia.com,IN,India
1949,dnasyndication.com,IN,India
1950,domain-b.com,IN,India
1951,donboscoindia.com,IN,India
1952,downtoearth.org.in,IN,India
1953,dqindia.com,IN,India
1954,drivespark.com,IN,India
1955,dsalert.org,IN,India
1956,eai.in,IN,India
1957,easternmirrornagaland.com,IN,India
1958,echoofindia.com,IN,India
1959,economylead.com,IN,India
1960,eeherald.com,IN,India
1961,eetindia.co.in,IN,India
1962,efytimes.com,IN,India
1963,eldis.org,IN,India
1964,energynext.in,IN,India
1965,energysector.in,IN,India
1966,enidhi.net,IN,India
1967,entrepreneurindia.com,IN,India
1968,eprahaar.in,IN,India
1969,epw.in,IN,India
1970,equitybulls.com,IN,India
1971,errabus.com,IN,India
1972,espncricinfo.com,IN,India
1973,estatenclassifieds.com,IN,India
1974,etemaaddaily.com,IN,India
1975,evartha.in,IN,India
1976,exchange4media.com,IN,India
1977,explorejobs.in,IN,India
1978,fashionunited.in,IN,India
1979,femina.in,IN,India
1980,fibre2fashion.com,IN,India
1981,filmfare.com,IN,India
1982,filmibeat.com,IN,India
1983,filmsofindia.com,IN,India
1984,finance.indiaeveryday.in,IN,India
1985,financialexpress.com,IN,India
1986,financialprospect.com,IN,India
1987,firstindianews.com,IN,India
1988,firstpost.com,IN,India
1989,fitnhit.com,IN,India
1990,fnbnews.com,IN,India
1991,focusnews.com,IN,India
1992,fonearena.com,IN,India
1993,forbesindia.com,IN,India
1994,formula1.com,IN,India
1995,franchiseindia.com,IN,India
1996,freepressjournal.in,IN,India
1997,fresherslive.com,IN,India
1998,frontline.in,IN,India
1999,gaadi.com,IN,India
2000,gadget.punjabkesari.in,IN,India
2001,galaxyreporter.com,IN,India
2002,gatewayhouse.in,IN,India
2003,gizbot.com,IN,India
2004,gizmodo.in,IN,India
2005,gizmolead.com,IN,India
2006,gktoday.in,IN,India
2007,glamsham.com,IN,India
2008,globalcement.com,IN,India
2009,goacom.com,IN,India
2010,goanews.com,IN,India
2011,gomolo.com,IN,India
2012,goodreturns.in,IN,India
2013,governancenow.com,IN,India
2014,gqindia.com,IN,India
2015,greatandhra.com,IN,India
2016,greaterkashmir.com,IN,India
2017,greatindiannews.com,IN,India
2018,gujaratsamachar.com,IN,India
2019,gulte.com,IN,India
2020,haribhoomi.com,IN,India
2021,haritkhabar.com,IN,India
2022,haryana.punjabkesari.in,IN,India
2023,hastakshep.com,IN,India
2024,headwaysolar.com,IN,India
2025,healthmeup.com,IN,India
2026,heraldgoa.in,IN,India
2027,hiindialive.com,IN,India
2028,hillpost.in,IN,India
2029,himachal.punjabkesari.in,IN,India
2030,himanshusheth.net,IN,India
2031,himvani.com,IN,India
2032,hinduexistence.org,IN,India
2033,hindupad.com,IN,India
2034,hindustantimes.com,IN,India
2035,huffingtonpost.in,IN,India
2036,hungryforever.com,IN,India
2037,iamin.in,IN,India
2038,iamwire.com,IN,India
2039,ianslive.in,IN,India
2040,ibcworldnews.com,IN,India
2041,ibn7.com,IN,India
2042,ibnlive.com,IN,India
2043,ibtimes.co.in,IN,India
2044,idiva.com,IN,India
2045,idrw.org,IN,India
2046,idsa.in,IN,India
2047,igovernment.in,IN,India
2048,iitm.ac.in,IN,India
2049,iluvcinema.in,IN,India
2050,in.com,IN,India
2051,inc42.com,IN,India
2052,india-briefing.com,IN,India
2053,india-forums.com,IN,India
2054,india.com,IN,India
2055,indiablooms.com,IN,India
2056,indiacurrents.com,IN,India
2057,indiaeducationdiary.in,IN,India
2058,indiaedunews.net,IN,India
2059,indiagazette.com,IN,India
2060,indiaglitz.com,IN,India
2061,indiainfoline.com,IN,India
2062,indianautosblog.com,IN,India
2063,indiancarsbikes.in,IN,India
2064,indiancooperative.com,IN,India
2065,indianexpress.com,IN,India
2066,indiankanoon.org,IN,India
2067,indiannavy.nic.in,IN,India
2068,indiannerve.com,IN,India
2069,indianpowersector.com,IN,India
2070,indianretailer.com,IN,India
2071,indiansplanet.com,IN,India
2072,indiantelevision.com,IN,India
2073,indianwineacademy.com,IN,India
2074,indiapost.com,IN,India
2075,indiaprwire.com,IN,India
2076,indiaretailing.com,IN,India
2077,indiaspend.com,IN,India
2078,indiatimes.com,IN,India
2079,indiatoday.intoday.in,IN,India
2080,indiatribune.com,IN,India
2081,indiatvnews.com,IN,India
2082,indiavision.com,IN,India
2083,indiawaterportal.org,IN,India
2084,indiawest.com,IN,India
2085,indileak.com,IN,India
2086,indolink.com,IN,India
2087,indread.com,IN,India
2088,infochangeindia.org,IN,India
2089,infotechlead.com,IN,India
2090,innlivenews.in,IN,India
2091,instantkhabar.com,IN,India
2092,internationalreporter.com,IN,India
2093,investinindia.com,IN,India
2094,iplt20.com,IN,India
2095,itvnewsindia.com,IN,India
2096,itvoir.com,IN,India
2097,iwatchindia.com,IN,India
2098,jaagore.com,IN,India
2099,jagopunjabjagoindia.com,IN,India
2100,jagran.com,IN,India
2101,jagranjosh.com,IN,India
2102,janmabhumidaily.com,IN,India
2103,jansatta.com,IN,India
2104,janwarta.com,IN,India
2105,justbollywood.in,IN,India
2106,justtelugu.com,IN,India
2107,kabarnet.in,IN,India
2108,kafila.org,IN,India
2109,kanglaonline.com,IN,India
2110,kannadaprabha.com,IN,India
2111,kashmirdispatch.com,IN,India
2112,kashmirglobal.com,IN,India
2113,kashmirlife.net,IN,India
2114,kashmirmonitor.in,IN,India
2115,kashmirobserver.net,IN,India
2116,kashmirreader.com,IN,India
2117,kashmirtimes.com,IN,India
2118,kashmirtimes.in,IN,India
2119,kashmirwatch.com,IN,India
2120,kaumudi.com,IN,India
2121,kaumudiglobal.com,IN,India
2122,kerala.indiaeveryday.in,IN,India
2123,keralacm.gov.in,IN,India
2124,keralaitnews.com,IN,India
2125,khabarfast.com,IN,India
2126,khabarindia.in,IN,India
2127,khabarindiatv.com,IN,India
2128,khabarmantra.com,IN,India
2129,khabarsouthasia.com,IN,India
2130,khaskhabar.com,IN,India
2131,khojinews.com,IN,India
2132,kmsnews.org,IN,India
2133,knnindia.co.in,IN,India
2134,knowafest.com,IN,India
2135,kntvnews.in,IN,India
2136,koimoi.com,IN,India
2137,legalera.in,IN,India
2138,legallyindia.com,IN,India
2139,legendnews.in,IN,India
2140,lifehacker.co.in,IN,India
2141,liveaaryaavart.com,IN,India
2142,livehindustan.com,IN,India
2143,livelaw.in,IN,India
2144,livemint.com,IN,India
2145,livepunjab.com,IN,India
2146,loksatta.com,IN,India
2147,loktej.com,IN,India
2148,lufthansa.com,IN,India
2149,maalaimalar.com,IN,India
2150,madhyamam.com,IN,India
2151,magicbricks.com,IN,India
2152,mahanagartimes.net,IN,India
2153,mainstreamweekly.net,IN,India
2154,majhablog.in,IN,India
2155,makeupandbeauty.com,IN,India
2156,maktechblog.com,IN,India
2157,mangalam.com,IN,India
2158,mangalorean.com,IN,India
2159,manipalworldnews.com,IN,India
2160,manoramanews.com,IN,India
2161,manoramaonline.com,IN,India
2162,manutdthailand.com,IN,India
2163,mapsofindia.com,IN,India
2164,markettimestv.com,IN,India
2165,masala.com,IN,India
2166,mathrubhumi.com,IN,India
2167,mbauniverse.com,IN,India
2168,mcxcontrol.com,IN,India
2169,mea.gov.in,IN,India
2170,mediaactiongroup.in,IN,India
2171,medianama.com,IN,India
2172,mediaonetv.in,IN,India
2173,mensxp.com,IN,India
2174,merinews.com,IN,India
2175,metrovaartha.com,IN,India
2176,microfinancemonitor.com,IN,India
2177,mid-day.com,IN,India
2178,milligazette.com,IN,India
2179,missmalini.com,IN,India
2180,mizonews.net,IN,India
2181,mobiletor.com,IN,India
2182,moneycontrol.com,IN,India
2183,moneyguruindia.com,IN,India
2184,moneylife.in,IN,India
2185,morningstar.in,IN,India
2186,morungexpress.com,IN,India
2187,motorbeam.com,IN,India
2188,motoroids.com,IN,India
2189,mouthshut.com,IN,India
2190,mpoc.org.in,IN,India
2191,mudraa.com,IN,India
2192,mumbaimirror.com,IN,India
2193,mydigitalfc.com,IN,India
2194,myiris.com,IN,India
2195,myklassroom.com,IN,India
2196,mykollywood.com,IN,India
2197,mynews.in,IN,India
2198,nagpurtoday.in,IN,India
2199,naisadak.org,IN,India
2200,narendramodi.in,IN,India
2201,navabharat.com,IN,India
2202,navabharat.org,IN,India
2203,navhindtimes.in,IN,India
2204,navsancharsamachar.com,IN,India
2205,navshakti.co.in,IN,India
2206,ndtv.com,IN,India
2207,netindia123.com,IN,India
2208,netindian.in,IN,India
2209,new.businessworld.in,IN,India
2210,newdelhitimes.com,IN,India
2211,newindianexpress.com,IN,India
2212,newkerala.com,IN,India
2213,news.statetimes.in,IN,India
2214,news.tripuraonline.in,IN,India
2215,news18.com,IN,India
2216,news4u.co.in,IN,India
2217,newschoupal.com,IN,India
2218,newsclick.in,IN,India
2219,newsgram.com,IN,India
2220,newshourindia.com,IN,India
2221,newshub.org,IN,India
2222,newsindianetwork.com,IN,India
2223,newsindiatimes.com,IN,India
2224,newslaundry.com,IN,India
2225,newsnation.in,IN,India
2226,newsnow.in,IN,India
2227,newsonair.com,IN,India
2228,newsroom.in,IN,India
2229,newstodaynet.com,IN,India
2230,newstrackindia.com,IN,India
2231,newstracklive.com,IN,India
2232,newsworldindia.in,IN,India
2233,newsworms.com,IN,India
2234,newsx.com,IN,India
2235,newworldstories.com,IN,India
2236,niticentral.com,IN,India
2237,northeasttoday.in,IN,India
2238,nowrunning.com,IN,India
2239,nripress.com,IN,India
2240,nyoooz.com,IN,India
2241,odisha360.com,IN,India
2242,odishachannel.com,IN,India
2243,odishanewsinsight.com,IN,India
2244,odishasamaya.com,IN,India
2245,odishasuntimes.com,IN,India
2246,oneindia.com,IN,India
2247,oneworld.net,IN,India
2248,onlineindiannews.com,IN,India
2249,onlinemedia.in,IN,India
2250,onlykashmir.in,IN,India
2251,origin-businesstoday.intoday.in,IN,India
2252,orissadiary.com,IN,India
2253,orissapost.com,IN,India
2254,oshonews.com,IN,India
2255,outlookhindi.com,IN,India
2256,outlookindia.com,IN,India
2257,overdrive.in,IN,India
2258,pagalguy.com,IN,India
2259,palpalindia.com,IN,India
2260,panasiabiz.com,IN,India
2261,panchabuta.com,IN,India
2262,pardaphash.com,IN,India
2263,patnadaily.com,IN,India
2264,patrika.com,IN,India
2265,pc-tablet.co.in,IN,India
2266,philamirror.info,IN,India
2267,phoneradar.com,IN,India
2268,pinkvilla.com,IN,India
2269,pitchonnet.com,IN,India
2270,planetcustodian.com,IN,India
2271,planetradiocity.com,IN,India
2272,prabhatkhabar.com,IN,India
2273,pradeshtoday.com,IN,India
2274,pragativadi.com,IN,India
2275,prahaar.in,IN,India
2276,prameyanews7.com,IN,India
2277,pratahkal.com,IN,India
2278,pravakta.com,IN,India
2279,prepsure.com,IN,India
2280,presidentofindia.nic.in,IN,India
2281,pressnote.in,IN,India
2282,printweek.in,IN,India
2283,prnewswire.co.in,IN,India
2284,prokerala.com,IN,India
2285,propertywala.com,IN,India
2286,ptinews.com,IN,India
2287,punemirror.in,IN,India
2288,punjab.punjabkesari.in,IN,India
2289,punjabitribuneonline.com,IN,India
2290,punjabkesari.in,IN,India
2291,punjabnewsexpress.com,IN,India
2292,punjabstarnews.com,IN,India
2293,quamiekta.com,IN,India
2294,radioandmusic.com,IN,India
2295,radumedia.com,IN,India
2296,rajasthannews1.com,IN,India
2297,rajdeepsardesai.net,IN,India
2298,ranchiexpress.com,IN,India
2299,rashidfaridi.com,IN,India
2300,rashtradeepika.com,IN,India
2301,rashtriyakhabar.com,IN,India
2302,rediff.com,IN,India
2303,risingkashmir.com,IN,India
2304,risingkashmir.in,IN,India
2305,rootzwiki.com,IN,India
2306,rough-polished.com,IN,India
2307,rtn.asia,IN,India
2308,rundirectmagazine.com,IN,India
2309,rushlane.com,IN,India
2310,rveritas-asia.org,IN,India
2311,s-plus.in,IN,India
2312,sabnews.in,IN,India
2313,sacw.net,IN,India
2314,sagmart.com,IN,India
2315,saharasamay.com,IN,India
2316,sahilonline.org,IN,India
2317,sakshi.com,IN,India
2318,sakshipost.com,IN,India
2319,salineriverchronicle.blogspot.in,IN,India
2320,samacharjagat.com,IN,India
2321,samaylive.com,IN,India
2322,sampspeak.in,IN,India
2323,sanhati.com,IN,India
2324,sanjeevnitoday.com,IN,India
2325,santabanta.com,IN,India
2326,scoopnews.in,IN,India
2327,scoopwhoop.com,IN,India
2328,scroll.in,IN,India
2329,seeandsaynews.in,IN,India
2330,semparuthi.com,IN,India
2331,sharekhan.com,IN,India
2332,sharemanthan.in,IN,India
2333,shrinews.com,IN,India
2334,shubhangel.com,IN,India
2335,siasat.com,IN,India
2336,sify.com,IN,India
2337,sikh24.com,IN,India
2338,sikhsiyasat.net,IN,India
2339,siliconindia.com,IN,India
2340,singhstation.net,IN,India
2341,sirajlive.com,IN,India
2342,skepchick.org,IN,India
2343,skjbollywoodnews.com,IN,India
2344,skymetweather.com,IN,India
2345,smetimes.in,IN,India
2346,southasiaanalysis.org,IN,India
2347,southasiamail.com,IN,India
2348,southjerseyblogs.com,IN,India
2349,speakingtree.in,IN,India
2350,sruti.com,IN,India
2351,ssbcrack.com,IN,India
2352,staford.in,IN,India
2353,starofmysore.com,IN,India
2354,steelguru.com,IN,India
2355,stixs.in,IN,India
2356,stockindex.in,IN,India
2357,stockmaniacs.net,IN,India
2358,stockreads.com,IN,India
2359,storypick.com,IN,India
2360,su-kam.com,IN,India
2361,sunday-guardian.com,IN,India
2362,surkhiyan.com,IN,India
2363,suryaa.com,IN,India
2364,swadeshnews.com,IN,India
2365,swarajyamag.com,IN,India
2366,tamilcinema.com,IN,India
2367,tamilnadu.indiaeveryday.in,IN,India
2368,tarunbharat.com,IN,India
2369,tarunmitra.in,IN,India
2370,team-bhp.com,IN,India
2371,tecake.com,IN,India
2372,techgiri.com,IN,India
2373,technology.indiaeveryday.in,IN,India
2374,technuter.com,IN,India
2375,techone3.in,IN,India
2376,techpp.com,IN,India
2377,techshout.com,IN,India
2378,techstory.in,IN,India
2379,techten.in,IN,India
2380,techtree.com,IN,India
2381,techvorm.com,IN,India
2382,tehelka.com,IN,India
2383,teleanalysis.com,IN,India
2384,telecomlead.com,IN,India
2385,telecomtalk.info,IN,India
2386,telecomtiger.com,IN,India
2387,telegraphindia.com,IN,India
2388,televisionpost.com,IN,India
2389,telugumirchi.com,IN,India
2390,telugupeople.com,IN,India
2391,theaerogram.com,IN,India
2392,thebanginbeats.com,IN,India
2393,thebetterindia.com,IN,India
2394,thecitizen.in,IN,India
2395,thecivilian.in,IN,India
2396,thedollarbusiness.com,IN,India
2397,thegardnernews.com,IN,India
2398,thehansindia.com,IN,India
2399,thehawkindia.com,IN,India
2400,thehealthsite.com,IN,India
2401,thehinditimes.com,IN,India
2402,thehindu.com,IN,India
2403,thehindubusinessline.com,IN,India
2404,thehitavada.com,IN,India
2405,theindianawaaz.com,IN,India
2406,theindianpanorama.com,IN,India
2407,theindiantalks.com,IN,India
2408,theindiapost.com,IN,India
2409,thejasnews.com,IN,India
2410,themobileindian.com,IN,India
2411,thenortheasttoday.com,IN,India
2412,thenorthlines.com,IN,India
2413,thequint.com,IN,India
2414,therem.org,IN,India
2415,thesangaiexpress.com,IN,India
2416,theshillongtimes.com,IN,India
2417,thestatesman.com,IN,India
2418,thetechportal.in,IN,India
2419,thethirdpole.net,IN,India
2420,theunrealtimes.com,IN,India
2421,theviewspaper.net,IN,India
2422,theweek.in,IN,India
2423,theweekendleader.com,IN,India
2424,thewiire.com,IN,India
2425,thewire.in,IN,India
2426,tkbsen.in,IN,India
2427,todayindia.com,IN,India
2428,toooli.com,IN,India
2429,topnews.in,IN,India
2430,topyaps.com,IN,India
2431,totalfilmy.com,IN,India
2432,tourisminterface.com,IN,India
2433,traffic.org,IN,India
2434,trak.in,IN,India
2435,travelbizmonitor.com,IN,India
2436,traveltrendstoday.in,IN,India
2437,tribuneindia.com,IN,India
2438,trinet.in,IN,India
2439,truthdive.com,IN,India
2440,tuffclassified.com,IN,India
2441,twocircles.net,IN,India
2442,udaipurkiran.com,IN,India
2443,udaipurtimes.com,IN,India
2444,ummid.com,IN,India
2445,up.punjabkesari.in,IN,India
2446,usnews.in,IN,India
2447,vancouverdesi.com,IN,India
2448,varthamanam.com,IN,India
2449,vccircle.com,IN,India
2450,vervemagazine.in,IN,India
2451,vino-con-vista.net,IN,India
2452,virarjun.com,IN,India
2453,viratpost.com,IN,India
2454,vishwagujarat.com,IN,India
2455,visionmp.com,IN,India
2456,vogue.in,IN,India
2457,voicendata.com,IN,India
2458,voyagersworld.in,IN,India
2459,vtvgujarati.com,IN,India
2460,washingtonbanglaradio.com,IN,India
2461,webdunia.com,IN,India
2462,webindia123.com,IN,India
2463,wellnessindia.com,IN,India
2464,whatifthe.com,IN,India
2465,wisdenindia.com,IN,India
2466,wonderwoman.intoday.in,IN,India
2467,wordpresstotal.com,IN,India
2468,worldnow.in,IN,India
2469,yarnsandfibers.com,IN,India
2470,yentha.com,IN,India
2471,yourstory.com,IN,India
2472,youthkiawaaz.com,IN,India
2473,zigwheels.com,IN,India
4674,freshwap.ws,WS,Samoa
4675,infrastructurene.ws,WS,Samoa
4676,khonkaen.ws,WS,Samoa
4677,miningne.ws,WS,Samoa
4678,mortgageloans.ws,WS,Samoa
4679,oane.ws,WS,Samoa
4680,owsne.ws,WS,Samoa
4681,pressemitteilung.ws,WS,Samoa
4682,samoanews.com,WS,Samoa
4683,samoaobserver.ws,WS,Samoa
4684,sobserver.ws,WS,Samoa
4685,worldne.ws,WS,Samoa
16205,24h.com.vn,VM,Vietnam
16206,afamily.vn,VM,Vietnam
16207,alobacsi.com,VM,Vietnam
16208,alobacsi.vn,VM,Vietnam
16209,amchamvietnam.com,VM,Vietnam
16210,anninhthudo.vn,VM,Vietnam
16211,antt.vn,VM,Vietnam
16212,antv.gov.vn,VM,Vietnam
16213,autodaily.vn,VM,Vietnam
16214,autopro.com.vn,VM,Vietnam
16215,baobaovephapluat.vn,VM,Vietnam
16216,baobinhduong.vn,VM,Vietnam
16217,baodansinh.vn,VM,Vietnam
16218,baodatviet.vn,VM,Vietnam
16219,baodautu.vn,VM,Vietnam
16220,baodientu.chinhphu.vn,VM,Vietnam
16221,baodongkhoi.com.vn,VM,Vietnam
16222,baodongnai.com.vn,VM,Vietnam
16223,baogiaothong.vn,VM,Vietnam
16224,baohaiquan.vn,VM,Vietnam
16225,baohatinh.vn,VM,Vietnam
16226,baokhanhhoa.com.vn,VM,Vietnam
16227,baomoi.com,VM,Vietnam
16228,baophapluat.vn,VM,Vietnam
16229,baophuyen.com.vn,VM,Vietnam
16230,baotintuc.vn,VM,Vietnam
16231,baovanhoa.vn,VM,Vietnam
16232,baoxaydung.com.vn,VM,Vietnam
16233,batdongsan.com.vn,VM,Vietnam
16234,batdongsan.vietnamnet.vn,VM,Vietnam
16235,binhluan.net,VM,Vietnam
16236,bizlive.vn,VM,Vietnam
16237,blog.techz.vn,VM,Vietnam
16238,blogtamsu.vn,VM,Vietnam
16239,bnews.vn,VM,Vietnam
16240,bongda24h.vn,VM,Vietnam
16241,bongdaplus.vn,VM,Vietnam
16242,boxitvn.net,VM,Vietnam
16243,cadn.com.vn,VM,Vietnam
16244,cafebiz.vn,VM,Vietnam
16245,cafef.vn,VM,Vietnam
16246,cafeland.vn,VM,Vietnam
16247,cand.com.vn,VM,Vietnam
16248,chinhluanvn.com,VM,Vietnam
16249,clipcuoi.vn,VM,Vietnam
16250,cn.vietnamplus.vn,VM,Vietnam
16251,congan.com.vn,VM,Vietnam
16252,congly.com.vn,VM,Vietnam
16253,covvha.net,VM,Vietnam
16254,daidoanket.vn,VM,Vietnam
16255,dantri.com.vn,VM,Vietnam
16256,danviet.vn,VM,Vietnam
16257,datviet.com,VM,Vietnam
16258,dautubds.baodautu.vn,VM,Vietnam
16259,dbv.vn,VM,Vietnam
16260,dddn.com.vn,VM,Vietnam
16261,dep.com.vn,VM,Vietnam
16262,doanhnghiepvn.vn,VM,Vietnam
16263,doanhnhansaigon.vn,VM,Vietnam
16264,doisong.vn,VM,Vietnam
16265,doisongphapluat.com,VM,Vietnam
16266,dongtalk.com,VM,Vietnam
16267,dotchuoinon.com,VM,Vietnam
16268,emdep.vn,VM,Vietnam
16269,en.vietnamplus.vn,VM,Vietnam
16270,english.vietnamnet.vn,VM,Vietnam
16271,es.vietnamplus.vn,VM,Vietnam
16272,etesol.edu.vn,VM,Vietnam
16273,eva.vn,VM,Vietnam
16274,facebook.com,VM,Vietnam
16275,fr.vietnamplus.vn,VM,Vietnam
16276,gamek.vn,VM,Vietnam
16277,gamethu.net,VM,Vietnam
16278,genk.vn,VM,Vietnam
16279,getmefitstore.info,VM,Vietnam
16280,giadinh.net.vn,VM,Vietnam
16281,giadinhvn.vn,VM,Vietnam
16282,giaoduc.net.vn,VM,Vietnam
16283,giaoducthoidai.vn,VM,Vietnam
16284,giaoducvietnam.vn,VM,Vietnam
16285,haivenu-vietnam.com,VM,Vietnam
16286,hanoigrapevine.com,VM,Vietnam
16287,hanoimoi.com.vn,VM,Vietnam
16288,hanoitimes.com.vn,VM,Vietnam
16289,ictnews.vn,VM,Vietnam
16290,infogame.vn,VM,Vietnam
16291,infonet.vn,VM,Vietnam
16292,kenh14.vn,VM,Vietnam
16293,kenhtuyensinh.vn,VM,Vietnam
16294,khampha.vn,VM,Vietnam
16295,khoahocphothong.com.vn,VM,Vietnam
16296,khoe360.tienphong.vn,VM,Vietnam
16297,kienthuc.net.vn,VM,Vietnam
16298,kinhdoanhnet.vn,VM,Vietnam
16299,kinhtedothi.vn,VM,Vietnam
16300,kinhtenongthon.com.vn,VM,Vietnam
16301,ktdt.vn,VM,Vietnam
16302,kylele.net,VM,Vietnam
16303,kynguyenso.phapluattp.vn,VM,Vietnam
16304,landtoday.net,VM,Vietnam
16305,laodong.com.vn,VM,Vietnam
16306,laodongthudo.vn,VM,Vietnam
16307,lecourrier.vn,VM,Vietnam
16308,linkhay.com,VM,Vietnam
16309,m.vietnamnet.vn,VM,Vietnam
16310,m.vtc.vn,VM,Vietnam
16311,motthegioi.vn,VM,Vietnam
16312,myidol.com.vn,VM,Vietnam
16313,ndh.vn,VM,Vietnam
16314,netluat.phapluattp.vn,VM,Vietnam
16315,news.zing.vn,VM,Vietnam
16316,ngaynay.vn,VM,Vietnam
16317,nghenhinvietnam.vn,VM,Vietnam
16318,ngocentre.org.vn,VM,Vietnam
16319,ngoisao.net,VM,Vietnam
16320,ngoisao.vn,VM,Vietnam
16321,nguoi-viet.com,VM,Vietnam
16322,nguoiduatin.vn,VM,Vietnam
16323,nguoitieudung.com.vn,VM,Vietnam
16324,nhandan.com.vn,VM,Vietnam
16325,nhandan.org.vn,VM,Vietnam
16326,nhantainhanluc.com,VM,Vietnam
16327,nhipcaudautu.vn,VM,Vietnam
16328,nhipsongso.tuoitre.vn,VM,Vietnam
16329,nhuongquyenvietnam.com,VM,Vietnam
16330,nld.com.vn,VM,Vietnam
16331,nongnghiep.vn,VM,Vietnam
16332,pcworld.com.vn,VM,Vietnam
16333,petronews.vn,VM,Vietnam
16334,petrotimes.vn,VM,Vietnam
16335,phapluattp.vn,VM,Vietnam
16336,phununews.vn,VM,Vietnam
16337,phunuonline.com.vn,VM,Vietnam
16338,phunutoday.vn,VM,Vietnam
16339,portal.vnmedia.vn,VM,Vietnam
16340,qdnd.vn,VM,Vietnam
16341,quangcaongoaitroi.com.vn,VM,Vietnam
16342,saigon-gpdaily.com.vn,VM,Vietnam
16343,saigondautu.com.vn,VM,Vietnam
16344,saoonline.vn,VM,Vietnam
16345,sggp.org.vn,VM,Vietnam
16346,soha.vn,VM,Vietnam
16347,standupamericaus.org,VM,Vietnam
16348,stockbiz.vn,VM,Vietnam
16349,suckhoedoisong.vn,VM,Vietnam
16350,taichinhdientu.vn,VM,Vietnam
16351,talkvietnam.com,VM,Vietnam
16352,tamguong.vn,VM,Vietnam
16353,tamnhin.net,VM,Vietnam
16354,tapchitaichinh.vn,VM,Vietnam
16355,techz.vn,VM,Vietnam
16356,tgvn.com.vn,VM,Vietnam
16357,thanhnien.com.vn,VM,Vietnam
16358,thanhnien.vn,VM,Vietnam
16359,thanhniennews.com,VM,Vietnam
16360,thanhtra.com.vn,VM,Vietnam
16361,thegioi.baotintuc.vn,VM,Vietnam
16362,thegioidienanh.vn,VM,Vietnam
16363,thegioimang.org,VM,Vietnam
16364,thesaigontimes.vn,VM,Vietnam
16365,thethao.tuoitre.vn,VM,Vietnam
16366,thethao.vietnamnet.vn,VM,Vietnam
16367,thethao247.vn,VM,Vietnam
16368,thethaovanhoa.vn,VM,Vietnam
16369,thethaovietnam.vn,VM,Vietnam
16370,thiennhien.net,VM,Vietnam
16371,thoibaotaichinhvietnam.vn,VM,Vietnam
16372,thongtincongnghe.com,VM,Vietnam
16373,tienphong.vn,VM,Vietnam
16374,tiin.vn,VM,Vietnam
16375,tinmoi.vn,VM,Vietnam
16376,tinnhanhchungkhoan.vn,VM,Vietnam
16377,tintaynguyen.com,VM,Vietnam
16378,tinthethao.com.vn,VM,Vietnam
16379,tinthethao365.com.vn,VM,Vietnam
16380,tintuc.vn,VM,Vietnam
16381,toquoc.gov.vn,VM,Vietnam
16382,tredeponline.com,VM,Vietnam
16383,trieucontim.com,VM,Vietnam
16384,tuoitre.vn,VM,Vietnam
16385,tuoitrenews.vn,VM,Vietnam
16386,vacancesauvietnam.net,VM,Vietnam
16387,vietbao.vn,VM,Vietnam
16388,vietnam-aujourdhui.info,VM,Vietnam
16389,vietnam-briefing.com,VM,Vietnam
16390,vietnam.vnanet.vn,VM,Vietnam
16391,vietnamblogs.net,VM,Vietnam
16392,vietnamcar.com,VM,Vietnam
16393,vietnamnet.vn,VM,Vietnam
16394,vietnamnews.vn,VM,Vietnam
16395,vietnamplus.vn,VM,Vietnam
16396,vietnamshipper.com,VM,Vietnam
16397,vietnamtoursguide.com,VM,Vietnam
16398,vietnamtribune.com,VM,Vietnam
16399,vietq.vn,VM,Vietnam
16400,vietstock.vn,VM,Vietnam
16401,viettan.org,VM,Vietnam
16402,vietthuc.org,VM,Vietnam
16403,viettimes.vn,VM,Vietnam
16404,vinanet.vn,VM,Vietnam
16405,vir.com.vn,VM,Vietnam
16406,vncentral.net,VM,Vietnam
16407,vneconomy.vn,VM,Vietnam
16408,vnexpress.net,VM,Vietnam
16409,vnmedia.vn,VM,Vietnam
16410,vnreview.vn,VM,Vietnam
16411,vntinnhanh.vn,VM,Vietnam
16412,vntinnhanh.vn,VM,Vietnam
16413,voh.com.vn,VM,Vietnam
16414,vov.vn,VM,Vietnam
16415,vovgiaothong.vn,VM,Vietnam
16416,vtc.vn,VM,Vietnam
16417,vtv.vn,VM,Vietnam
16418,wordhanoi.com,VM,Vietnam
16419,xahoithongtin.com.vn,VM,Vietnam
16420,xedoisong.vn,VM,Vietnam
16421,yan.vn,VM,Vietnam
16422,yeah1.com,VM,Vietnam
16423,zapto.org,VM,Vietnam
16424,zh.vietnamplus.vn,VM,Vietnam
18588,1kata.com,ID,Indonesia
18589,agenpasangtogel.com,ID,Indonesia
18590,antaranews.com,ID,Indonesia
18591,arenascore.net,ID,Indonesia
18592,balidiscovery.com,ID,Indonesia
18593,batampos.co.id,ID,Indonesia
18594,beritabola.com,ID,Indonesia
18595,beritabulukumba.com,ID,Indonesia
18596,beritajakarta.com,ID,Indonesia
18597,beritajatim.com,ID,Indonesia
18598,beritajokowi.com,ID,Indonesia
18599,beritasatu.com,ID,Indonesia
18600,beritasore.com,ID,Indonesia
18601,binus.ac.id,ID,Indonesia
18602,bisnis.com,ID,Indonesia
18603,bnpb.go.id,ID,Indonesia
18604,bolaindo.com,ID,Indonesia
18605,bursaenergi.com,ID,Indonesia
18606,christianpost.co.id,ID,Indonesia
18607,cifor.org,ID,Indonesia
18608,cnnindonesia.com,ID,Indonesia
18609,detik.com,ID,Indonesia
18610,dpr.go.id,ID,Indonesia
18611,fokusjabar.com,ID,Indonesia
18612,globalindonesianvoices.com,ID,Indonesia
18613,harianjogja.com,ID,Indonesia
18614,hizbut-tahrir.or.id,ID,Indonesia
18615,hukumonline.com,ID,Indonesia
18616,iberita.com,ID,Indonesia
18617,indonesia-investments.com,ID,Indonesia
18618,indonesia.travel,ID,Indonesia
18619,indonesiamedia.com,ID,Indonesia
18620,indonesiatribune.com,ID,Indonesia
18621,indopos.co.id,ID,Indonesia
18622,indosiar.com,ID,Indonesia
18623,infokomputer.com,ID,Indonesia
18624,inilah.com,ID,Indonesia
18625,inilahkoran.com,ID,Indonesia
18626,insideindonesia.org,ID,Indonesia
18627,internationalrafting.com,ID,Indonesia
18628,irhamhizrata.com,ID,Indonesia
18629,jakartagreater.com,ID,Indonesia
18630,jawapos.com,ID,Indonesia
18631,jpnn.com,ID,Indonesia
18632,judionlineaman.com,ID,Indonesia
18633,jurnalpatrolinews.com,ID,Indonesia
18634,kapanlagi.com,ID,Indonesia
18635,kemenkeu.go.id,ID,Indonesia
18636,khabarsoutheastasia.com,ID,Indonesia
18637,kompas.com,ID,Indonesia
18638,kompasiana.com,ID,Indonesia
18639,koran-sindo.com,ID,Indonesia
18640,krjogja.com,ID,Indonesia
18641,lintas.web.id,ID,Indonesia
18642,liputan6.com,ID,Indonesia
18643,mangaku.web.id,ID,Indonesia
18644,mediaindonesia.com,ID,Indonesia
18645,merdeka.com,ID,Indonesia
18646,metrotvnews.com,ID,Indonesia
18647,muvila.com,ID,Indonesia
18648,nowjakarta.co.id,ID,Indonesia
18649,okezone.com,ID,Indonesia
18650,pasardomain.com,ID,Indonesia
18651,pertamax7.com,ID,Indonesia
18652,piensageotermia.com,ID,Indonesia
18653,pikiran-rakyat.com,ID,Indonesia
18654,portalkbr.com,ID,Indonesia
18655,poskotanews.com,ID,Indonesia
18656,ppmn.or.id,ID,Indonesia
18657,republika.co.id,ID,Indonesia
18658,rimanews.com,ID,Indonesia
18659,rri.co.id,ID,Indonesia
18660,rumahberita.com,ID,Indonesia
18661,samehadaku.net,ID,Indonesia
18662,sepakbola.com,ID,Indonesia
18663,setkab.go.id,ID,Indonesia
18664,sidomi.com,ID,Indonesia
18665,simonroughneen.com,ID,Indonesia
18666,sindonews.com,ID,Indonesia
18667,solopos.com,ID,Indonesia
18668,ssek.com,ID,Indonesia
18669,suaramerdeka.com,ID,Indonesia
18670,suaranasionalnews.com,ID,Indonesia
18671,suarapembaruan.com,ID,Indonesia
18672,tabloidbintang.com,ID,Indonesia
18673,thebalitimes.com,ID,Indonesia
18674,theinsiderstories.com,ID,Indonesia
18675,thejakartaglobe.com,ID,Indonesia
18676,thejakartapost.com,ID,Indonesia
18677,thepresidentpost.com,ID,Indonesia
18678,tokohindonesia.com,ID,Indonesia
18679,trend.web.id,ID,Indonesia
18680,tribunnews.com,ID,Indonesia
18681,ub.ac.id,ID,Indonesia
18682,viva.co.id,ID,Indonesia
18683,volcanodiscovery.com,ID,Indonesia
18684,waspada.co.id,ID,Indonesia
19241,mof.gov.tl,TT,East Timor
19242,rttlep.tl,TT,East Timor
37585,islandsun.com.sb,BP,Solomon Islands
37586,parliament.gov.sb,BP,Solomon Islands
37587,pmc.gov.sb,BP,Solomon Islands
37588,sibconline.com.sb,BP,Solomon Islands
37589,sibconline.com.sb,BP,Solomon Islands
37590,sibconline.com.sb,BP,Solomon Islands
37591,solomonstarnews.com,BP,Solomon Islands
37592,solomontimes.com,BP,Solomon Islands
37600,antonyloewenstein.com,PP,Papua New Guinea
37601,emtv.com.pg,PP,Papua New Guinea
37602,periodicozumbandodigital.com,PP,Papua New Guinea
37603,seedstheatre.org,PP,Papua New Guinea
37604,thenational.com.pg,PP,Papua New Guinea
